[
	{
		"id": 1,
		"email": "email@gmail.com",
		"date": "4/27/2022, 9:08:53 PM",
		"messageText": "Escribeme"
	},
	{
		"id": 2,
		"email": "jessurg18@hotmail.com",
		"date": "7/30/2022, 1:26:07 PM",
		"messageText": "Veremos!! "
	},
	{
		"id": 3,
		"email": "jessurg18@hotmail.com",
		"date": "7/30/2022, 1:38:10 PM",
		"messageText": "Como van"
	},
	{
		"id": 4,
		"email": "LUCIOJESUSRAMIREZGAMARRA@GMAIL.COM",
		"date": "8/2/2022, 8:09:25 PM",
		"messageText": "Mensaje"
	},
	{
		"id": 5,
		"email": "luciojesusramirezgamarra@gmail.com",
		"date": "8/2/2022, 8:31:01 PM",
		"messageText": "asdasdasd"
	},
	{
		"id": 6,
		"email": "luciojesusramirezgamarra@gmail.com",
		"date": "8/2/2022, 8:36:06 PM",
		"messageText": "asdsd"
	},
	{
		"id": 7,
		"email": "anonymous@mail.com",
		"date": "8/2/2022, 8:36:11 PM",
		"messageText": "asds"
	},
	{
		"id": 8,
		"email": "anonymous@mail.com",
		"date": "8/2/2022, 8:36:17 PM",
		"messageText": "hola mensaje ..."
	},
	{
		"id": 9,
		"email": "anonymous@mail.com",
		"date": "8/2/2022, 9:37:40 PM",
		"messageText": "asdasdasd"
	},
	{
		"id": 10,
		"email": "anonymous@mail.com",
		"date": "8/2/2022, 9:38:08 PM",
		"messageText": "nuevos menajes"
	},
	{
		"id": 11,
		"email": "anonymous@mail.com",
		"date": "8/2/2022, 9:38:18 PM",
		"messageText": "funcioona parece\n"
	},
	{
		"id": 12,
		"email": "anonymous@mail.com",
		"date": "8/2/2022, 9:38:34 PM",
		"messageText": "chat"
	},
	{
		"id": 13,
		"email": "anonymous@mail.com",
		"date": "8/2/2022, 9:38:39 PM",
		"messageText": "asdasda"
	},
	{
		"id": 14,
		"email": "anonymous@mail.com",
		"date": "8/2/2022, 9:38:42 PM",
		"messageText": "asdasdasd"
	},
	{
		"id": 15,
		"email": "jose@hotmail.com",
		"date": "8/2/2022, 10:06:17 PM",
		"messageText": "Hola q tal todos"
	},
	{
		"id": 16,
		"email": "jose@hotmail.com",
		"date": "8/2/2022, 10:31:33 PM",
		"messageText": "asdasd"
	}
]