[
	{
		"id": 1,
		"title": "Boxes, customers, inventory",
		"price": 99.99,
		"thumbnail": "https://cdn4.iconfinder.com/data/icons/pretty_office_3/256/inventory-maintenance.png"
	},
	{
		"id": 2,
		"title": "No Title",
		"price": 0,
		"thumbnail": "https://cdn4.iconfinder.com/data/icons/basic-ui-element-flat-style/512/Basic_UI_Elements_-_2.3_-_Flat_Style_-_36-02-64.png"
	},
	{
		"id": 3,
		"title": "No Title",
		"price": 0,
		"thumbnail": "https://cdn4.iconfinder.com/data/icons/basic-ui-element-flat-style/512/Basic_UI_Elements_-_2.3_-_Flat_Style_-_36-02-64.png"
	},
	{
		"id": 4,
		"title": "No Title",
		"price": 0,
		"thumbnail": "https://cdn4.iconfinder.com/data/icons/basic-ui-element-flat-style/512/Basic_UI_Elements_-_2.3_-_Flat_Style_-_36-02-64.png"
	},
	{
		"id": 5,
		"title": "No Title",
		"price": 0,
		"thumbnail": "https://cdn4.iconfinder.com/data/icons/basic-ui-element-flat-style/512/Basic_UI_Elements_-_2.3_-_Flat_Style_-_36-02-64.png"
	},
	{
		"id": 6,
		"title": "PRoducto01",
		"price": "12312312",
		"thumbnail": "https://cdn-icons-png.flaticon.com/512/1312/1312307.png"
	},
	{
		"id": 7,
		"title": "Proructo",
		"price": "123123",
		"thumbnail": "https://cdn-icons-png.flaticon.com/512/1312/1312307.png"
	},
	{
		"id": 8,
		"title": "Producto CODER",
		"price": "123",
		"thumbnail": "https://cdn0.iconfinder.com/data/icons/containers/512/Wood2.png"
	},
	{
		"id": 9,
		"title": "No Title",
		"price": 0,
		"thumbnail": "https://cdn4.iconfinder.com/data/icons/basic-ui-element-flat-style/512/Basic_UI_Elements_-_2.3_-_Flat_Style_-_36-02-64.png"
	},
	{
		"id": 10,
		"title": "No Title",
		"price": 0,
		"thumbnail": "https://cdn4.iconfinder.com/data/icons/basic-ui-element-flat-style/512/Basic_UI_Elements_-_2.3_-_Flat_Style_-_36-02-64.png"
	},
	{
		"id": 11,
		"title": "No Title",
		"price": 0,
		"thumbnail": "https://cdn4.iconfinder.com/data/icons/basic-ui-element-flat-style/512/Basic_UI_Elements_-_2.3_-_Flat_Style_-_36-02-64.png"
	},
	{
		"id": 12,
		"title": "No Title",
		"price": 0,
		"thumbnail": "https://cdn4.iconfinder.com/data/icons/basic-ui-element-flat-style/512/Basic_UI_Elements_-_2.3_-_Flat_Style_-_36-02-64.png"
	},
	{
		"id": 13,
		"title": "Producto FINAL",
		"price": "1234",
		"thumbnail": "https://cdn-icons-png.flaticon.com/512/1312/1312307.png"
	},
	{
		"id": 14,
		"title": "Producto 01",
		"price": "123",
		"thumbnail": "https://cdn4.iconfinder.com/data/icons/pretty_office_3/256/inventory-maintenance.png"
	},
	{
		"id": 15,
		"title": "Productos01",
		"price": "13",
		"thumbnail": "https://cdn0.iconfinder.com/data/icons/containers/512/Wood2.png"
	},
	{
		"id": 16,
		"title": "PRoucto 01",
		"price": "12344",
		"thumbnail": "https://cdn-icons-png.flaticon.com/512/1312/1312307.png"
	}
]