[{"id":1,"email":"email@gmail.com","date":"4/27/2022, 9:08:53 PM","messageText":"Escribeme"},{"id":2,"email":"luciojesusramirezgamarra@gmail.com","date":"4/27/2022, 9:09:32 PM","messageText":"Hola"},{"id":3,"email":"lramire2@tulane.edu","date":"4/27/2022, 9:10:01 PM","messageText":"jajaja"},{"id":4,"email":"jessurg18@hotmail.com","date":"4/28/2022, 2:22:59 PM","messageText":"TEST"},{"id":5,"email":"luciojesusramirezgamarra@gmail.com","date":"4/28/2022, 3:04:02 PM","messageText":"Buenos dias, como esta todo"},{"id":6,"email":"luciojesusramirezgamarra@gmail.com","date":"4/28/2022, 3:26:35 PM","messageText":"Como estan todos."},{"id":7,"email":"luciojesusramirezgamarra@gmail.com","date":"4/28/2022, 3:26:59 PM","messageText":"Vamos bien?\\ "},{"id":8,"email":"luciojesusramirezgamarra@gmail.com","date":"4/28/2022, 3:28:55 PM","messageText":"hola"},{"id":9,"email":"luciojesusramirezgamarra@gmail.com","date":"4/28/2022, 3:29:17 PM","messageText":"Como esta todo"},{"id":10,"email":"luciojesusramirezgamarra@gmail.com","date":"4/28/2022, 3:55:27 PM","messageText":"Hola"},{"id":11,"email":"jessurg18@hotmail.com","date":"4/28/2022, 3:58:30 PM","messageText":"En q andas "},{"id":12,"email":"jessurg18@hotmail.com","date":"4/28/2022, 4:06:55 PM","messageText":"GO"},{"id":13,"email":"luciojesusramirezgamarra@gmail.com","date":"4/28/2022, 4:16:35 PM","messageText":"Vamos"},{"id":14,"email":"luciojesusramirezgamarra@gmail.com","date":"4/28/2022, 4:16:57 PM","messageText":"Vamos x 2"},{"id":15,"email":"luciojesusramirezgamarra@gmail.com","date":"4/28/2022, 4:17:16 PM","messageText":"vamos x 2"},{"id":16,"email":"luciojesusramirezgamarra@gmail.com","date":"4/28/2022, 4:18:31 PM","messageText":"Mensaje"},{"id":17,"email":"luciojesusramirezgamarra@gmail.com","date":"4/28/2022, 4:20:19 PM","messageText":"Mensaje"},{"id":18,"email":"luciojesusramirezgamarra@gmail.com","date":"4/28/2022, 4:40:42 PM","messageText":"Mensjae"},{"id":19,"email":"luciojesusramirezgamarra@gmail.com","date":"4/28/2022, 7:14:08 PM","messageText":"Hola q tal como vas CODER "},{"id":20,"email":"luciojesusramirezgamarra@gmail.com","date":"4/29/2022, 6:10:08 AM","messageText":"Mensaje"},{"id":21,"email":"luciojesusramirezgamarra@gmail.com","date":"4/29/2022, 6:12:31 AM","messageText":"Mensjae"},{"id":22,"email":"lramire2@tulane.edu","date":"4/29/2022, 6:15:09 AM","messageText":"Mensaje"},{"id":23,"email":"lramire2@tulane.edu","date":"4/29/2022, 6:15:37 AM","messageText":"Mensjae"},{"id":24,"email":"lramire2@tulane.edu","date":"4/29/2022, 6:16:04 AM","messageText":"Mensaje"},{"id":25,"email":"luciojesusramirezgamarra@gmail.com","date":"4/29/2022, 6:16:22 AM","messageText":"Mensjae"},{"id":26,"email":"lramire2@tulane.edu","date":"4/29/2022, 6:16:46 AM","messageText":"TEST"},{"id":27,"email":"luciojesusramirezgamarra@gmail.com","date":"4/29/2022, 6:16:52 AM","messageText":"Hola"},{"id":28,"email":"lramire2@tulane.edu","date":"4/29/2022, 6:16:59 AM","messageText":"Como estas"}]