[{"id":1,"title":"Boxes, customers, inventory","price":99.99,"thumbnail":"https://cdn4.iconfinder.com/data/icons/pretty_office_3/256/inventory-maintenance.png"},{"id":2,"title":"Goods, palet, products x 5 Boxes","price":199.99,"thumbnail":"https://cdn0.iconfinder.com/data/icons/containers/512/palet02.png"},{"id":3,"title":"Goods, palet, products x 18 Boxes","price":1330,"thumbnail":"https://cdn0.iconfinder.com/data/icons/containers/512/self1.png"},{"id":4,"title":"Goods, palet, products x 8 Boxes","price":15220,"thumbnail":"https://cdn0.iconfinder.com/data/icons/containers/512/Shipping1.png"},{"id":5,"title":"Caja Productos x 1","price":"200","thumbnail":"https://cdn0.iconfinder.com/data/icons/containers/512/Wood2.png"},{"id":6,"title":"PRoduycto 1","price":"123123","thumbnail":"https://cdn-icons-png.flaticon.com/512/1312/1312307.png"},{"id":7,"title":"Producto02","price":"123012","thumbnail":"https://cdn0.iconfinder.com/data/icons/containers/512/Wood2.png"},{"id":8,"title":"Nuevo Producto","price":"899","thumbnail":"https://cdn0.iconfinder.com/data/icons/containers/512/Wood2.png"}]