[
	{
		"id": 1,
		"title": "Boxes, customers, inventory",
		"price": 99.99,
		"thumbnail": "https://cdn4.iconfinder.com/data/icons/pretty_office_3/256/inventory-maintenance.png"
	},
	{
		"id": 2,
		"title": "Goods, palet, products x 5 Boxes",
		"price": 199.99,
		"thumbnail": "https://cdn0.iconfinder.com/data/icons/containers/512/palet02.png"
	},
	{
		"id": 3,
		"title": "Goods, palet, products x 18 Boxes",
		"price": 1330,
		"thumbnail": "https://cdn0.iconfinder.com/data/icons/containers/512/self1.png"
	},
	{
		"id": 4,
		"title": "Producto 01",
		"price": "899",
		"thumbnail": "https://cdn4.iconfinder.com/data/icons/basic-ui-element-flat-style/512/Basic_UI_Elements_-_2.3_-_Flat_Style_-_36-02-64.png"
	},
	{
		"id": 5,
		"title": "Producto02",
		"price": "899",
		"thumbnail": "https://cdn0.iconfinder.com/data/icons/containers/512/Wood2.png"
	},
	{
		"id": 6,
		"title": "Producto 03",
		"price": "213",
		"thumbnail": "https://cdn-icons-png.flaticon.com/512/1312/1312307.png"
	},
	{
		"id": 7,
		"title": "Produico 01",
		"price": "12",
		"thumbnail": "http://localhost:8080/img/1659596810992-pixiz-05-07-2022-14-38-21.jpg"
	}
]